{"M_report" : {

    "tes_type": "Shell and tube",

    "tes_attr": {

        "len_tube": 47.48031496062993,

        "num_tubes": 4,

        "dia_tube": 0.07314999999999999,

        "pitch_tube": 0.05258722385880757

        },

    "tes_op_attr": {

        "mdot_htf": 0.052833813640730067,

        "T_in_charge": -32.0,

        "T_out_charge": -10.0,

        "T_in_discharge": -10.0,

        "T_out_discharge": -30.0

        },

    "htf": "Nitrogen",

    "htf_attr": {

        "rho_htf": 1.13,

        "cp_htf": 1041.0,

        "k_htf": 0.0259,

        "mu_htf": 1.78e-05

        },

    "material": "E-22",

    "material_attr": {

        "rho_pcm": 1180.0,

        "cp_pcm": 3340.0,

        "k_pcm": 0.57

        },

    "runtime": 125.72702693939209,

    "lcos": 1.5331427715425923,

    "capex": 1818.6202707213768

}}